{
    "orders": [
        {
            "buyer": "Николай",
            "data": "2020.01.06 01:37:34",
            "item": "гвозди",
            "price": 2500,
            "quantity": 5000
        },
        {
            "buyer": "Алексей",
            "data": "2020.01.06 01:40:26",
            "item": "болты",
            "price": 500,
            "quantity": 300
        },
        {
            "buyer": "Дмитрий",
            "data": "2020.01.06 01:40:26",
            "item": "сапоги",
            "price": 400,
            "quantity": 5
        },
        {
            "buyer": "Евгений",
            "data": "2020.01.06 01:40:26",
            "item": "набор ручных инструментов",
            "price": 4000,
            "quantity": 2
        },
        {
            "buyer": "Алексей",
            "data": "2020.01.06 13:23:30",
            "item": "болты",
            "price": 500,
            "quantity": 300
        },
        {
            "buyer": "Дмитрий",
            "data": "2020.01.06 13:23:30",
            "item": "сапоги",
            "price": 400,
            "quantity": 5
        },
        {
            "buyer": "Евгений",
            "data": "2020.01.06 13:23:30",
            "item": "набор ручных инструментов",
            "price": 4000,
            "quantity": 2
        }
    ]
}